Workbook

Sheet Read Me
A1: John Sadler Plumbing & Heating: tracked keyword list (draft)
A3: Prepared | B3: 2026-10-15 by Francis Marc Uy for Andrew Silbernagel (task from #johnsadler, 2026-09-04). Draft for review before any Semrush changes.
A4: Purpose | B4: One keyword set mirrored across Surrey, White Rock and Langley, plus location-specific terms, with what to add to or remove from Semrush project 2824033.
A6: TABS
A7: Summary | B7: Counts by market and status (live formulas).
A8: Final Tracking List | B8: Every keyword to track after the changes (Keep + Add). Filter by Market or Service.
A9: Semrush Changes | B9: Only the Add and Remove rows, ready to action in Semrush. Mark "Done?" (yellow column) as you go.
A10: Skipped & Removed | B10: Everything dropped and why, so nothing disappears silently.
A11: Current Tracked (113) | B11: Snapshot of the existing Semrush list with positions (2026-09-29 to 2026-10-05) and the recommended action.
A12: Competitors | B12: Terms where hilltopplumbing.com outranks us (Semrush, 2026-10-05).
A14: RULES APPLIED
A15: Mirroring | B15: A service keyword is tracked in all 3 markets or none. Exceptions: location-specific terms (South Surrey, neighbourhoods) and national Navien/strata terms.
A16: Low volume | B16: A mirrored keyword is dropped when its 3 markets combined total under 30 searches/month (higher of the Keyword Planner and Semrush figures). One exception: "tankless water heater repair" is kept as a core Navien service (ranks #5 in Surrey). Easy to change if a different cut-off is preferred.
A17: Out of scope | B17: Abbotsford (no longer served) removed. Never-target list from keywords.md s.4 respected: no drains, faucets, toilets, propane/oil, new construction, fire installations, commercial, mobile homes, pools.
A18: Brand | B18: "best" keywords are track-only and never used in copy. AC and heat pump repair terms are allowed since 2026-08-20, but the live AC/heat pump pages still say "installs only" and need fixing first.
A20: SOURCES & DATA NOTES
A21: Tracking data | B21: Semrush Position Tracking project 2824033, pulled 2026-10-06 (one 113-keyword campaign; per-market campaigns not visible via API, confirm in the Semrush UI).
A22: KP volume | B22: Google Ads Keyword Planner, Canada, average monthly searches (Oct 2025 to Sept 2026), pulled 2026-10-15. Blank = Planner grouped the term with a close variant (e.g. plumber surrey / plumbers surrey).
A23: Semrush volume | B23: Volume recorded in the Semrush tracking campaign (existing keywords only). Fresh Semrush volumes for new keywords were not pulled: the Semrush account is out of API units.
A24: Gap / competitor terms | B24: keywords.md s.5 (Hilltop gap, 2024 KW Research sheet, Client Overview 2026, Oct 2023 meeting notes).
A25: Not included yet | B25: GSC tab: no agency Search Console access for johnsadler.ca found. GBP tab: GBP search-term insights not pulled. Both should be added before this is final.

Sheet Summary
A1: Summary
A3: Market | B3: Keep | C3: Add | D3: Total to track | E3: Remove | F3: Skip
A4: Surrey | B4: =COUNTIFS('Final Tracking List'!$A:$A,$A4,'Final Tracking List'!$D:$D,"Keep") | C4: =COUNTIFS('Final Tracking List'!$A:$A,$A4,'Final Tracking List'!$D:$D,"Add") | D4: =B4+C4 | E4: =COUNTIFS('Skipped & Removed'!$B:$B,$A4,'Skipped & Removed'!$A:$A,"Remove") | F4: =COUNTIFS('Skipped & Removed'!$B:$B,$A4,'Skipped & Removed'!$A:$A,"Skip")
A5: White Rock | B5: =COUNTIFS('Final Tracking List'!$A:$A,$A5,'Final Tracking List'!$D:$D,"Keep") | C5: =COUNTIFS('Final Tracking List'!$A:$A,$A5,'Final Tracking List'!$D:$D,"Add") | D5: =B5+C5 | E5: =COUNTIFS('Skipped & Removed'!$B:$B,$A5,'Skipped & Removed'!$A:$A,"Remove") | F5: =COUNTIFS('Skipped & Removed'!$B:$B,$A5,'Skipped & Removed'!$A:$A,"Skip")
A6: Langley | B6: =COUNTIFS('Final Tracking List'!$A:$A,$A6,'Final Tracking List'!$D:$D,"Keep") | C6: =COUNTIFS('Final Tracking List'!$A:$A,$A6,'Final Tracking List'!$D:$D,"Add") | D6: =B6+C6 | E6: =COUNTIFS('Skipped & Removed'!$B:$B,$A6,'Skipped & Removed'!$A:$A,"Remove") | F6: =COUNTIFS('Skipped & Removed'!$B:$B,$A6,'Skipped & Removed'!$A:$A,"Skip")
A7: All (no location) | B7: =COUNTIFS('Final Tracking List'!$A:$A,$A7,'Final Tracking List'!$D:$D,"Keep") | C7: =COUNTIFS('Final Tracking List'!$A:$A,$A7,'Final Tracking List'!$D:$D,"Add") | D7: =B7+C7 | E7: =COUNTIFS('Skipped & Removed'!$B:$B,$A7,'Skipped & Removed'!$A:$A,"Remove") | F7: =COUNTIFS('Skipped & Removed'!$B:$B,$A7,'Skipped & Removed'!$A:$A,"Skip")
A8: Abbotsford | B8: =COUNTIFS('Final Tracking List'!$A:$A,$A8,'Final Tracking List'!$D:$D,"Keep") | C8: =COUNTIFS('Final Tracking List'!$A:$A,$A8,'Final Tracking List'!$D:$D,"Add") | D8: =B8+C8 | E8: =COUNTIFS('Skipped & Removed'!$B:$B,$A8,'Skipped & Removed'!$A:$A,"Remove") | F8: =COUNTIFS('Skipped & Removed'!$B:$B,$A8,'Skipped & Removed'!$A:$A,"Skip")
A9: Total | B9: =SUM(B4:B8) | C9: =SUM(C4:C8) | D9: =SUM(D4:D8) | E9: =SUM(E4:E8) | F9: =SUM(F4:F8)
A11: Currently tracked in Semrush | D11: =COUNTA('Current Tracked (113)'!B:B)-1
A12: Tracked after changes | D12: =D9
A14: Low-volume threshold (3 markets combined, searches/mo): 30. See Read Me.

Sheet Final Tracking List
A1: Market | B1: Service | C1: Keyword | D1: Status | E1: Reason | F1: Source | G1: KP volume | H1: Semrush volume | I1: Pos. 10-05 | J1: Current ranking URL | K1: Target page | L1: Notes
A2: Surrey | B2: Air conditioning | C2: ac repair surrey | D2: Add | E2: New service / gap term | F2: Gap list (keywords.md s.5): client service change 2026-08-20 | G2: 110 | K2: /services/heating-cooling/air-conditioning/ | L2: AC / heat pump repair offered since 2026-08-20; live AC and heat pump pages still say "installs only" (fix before pushing these).
A3: Surrey | B3: Air conditioning | C3: air conditioning repair surrey | D3: Keep | F3: Semrush tracking (project 2824033) | G3: 110 | H3: 20 | K3: /services/heating-cooling/air-conditioning/ | L3: AC / heat pump repair offered since 2026-08-20; live AC and heat pump pages still say "installs only" (fix before pushing these).
A4: Surrey | B4: Air conditioning | C4: surrey air conditioning | D4: Keep | F4: Semrush tracking (project 2824033) | H4: 110 | I4: 41 | J4: /services/heating-cooling/air-conditioning/ | K4: /services/heating-cooling/air-conditioning/
A5: Surrey | B5: Air conditioning | C5: air conditioner surrey | D5: Keep | F5: Semrush tracking (project 2824033) | G5: 20 | H5: 110 | I5: 22 | J5: /services/heating-cooling/air-conditioning/ | K5: /services/heating-cooling/air-conditioning/
A6: Surrey | B6: Air conditioning | C6: hvac repair surrey | D6: Add | E6: New service / gap term | F6: Gap list (keywords.md s.5): client service change 2026-08-20 | G6: 20 | K6: /services/heating-cooling/air-conditioning/ | L6: AC / heat pump repair offered since 2026-08-20; live AC and heat pump pages still say "installs only" (fix before pushing these). Residential only; no commercial HVAC.
A7: Surrey | B7: Boilers | C7: boiler repair surrey | D7: Keep | F7: Semrush tracking (project 2824033) | G7: 40 | H7: 30 | I7: 14 | J7: /surrey-boiler-services/ | K7: /services/heating-cooling/boiler-repair/
A8: Surrey | B8: Boilers | C8: boiler installation surrey | D8: Keep | F8: Semrush tracking (project 2824033) | G8: 20 | H8: 10 | I8: 2 | J8: / | K8: /boiler-replacement/
A9: Surrey | B9: Boilers | C9: boiler services surrey | D9: Keep | F9: Semrush tracking (project 2824033) | G9: 10 | H9: 20 | I9: 1 | J9: /surrey-boiler-services/ | K9: /surrey-boiler-services/
A10: Surrey | B10: Furnaces | C10: furnace repair surrey | D10: Keep | F10: Semrush tracking (project 2824033) | G10: 390 | H10: 590 | I10: 31 | J10: /services/heating-cooling/furnace-repair/ | K10: /services/heating-cooling/furnace-repair/
A11: Surrey | B11: Furnaces | C11: furnace services surrey | D11: Keep | F11: Semrush tracking (project 2824033) | H11: 110 | I11: 19 | J11: /services/heating-cooling/furnace-repair/ | K11: /services/heating-cooling/furnace-repair/
A12: Surrey | B12: Furnaces | C12: furnace installation surrey | D12: Keep | F12: Semrush tracking (project 2824033) | G12: 70 | H12: 20 | I12: 13 | J12: /services/heating-cooling/furnace-installation/ | K12: /services/heating-cooling/furnace-installation/
A13: Surrey | B13: Furnaces | C13: furnace service surrey | D13: Keep | F13: Semrush tracking (project 2824033) | G13: 50 | H13: 110 | I13: 8 | J13: /services/heating-cooling/furnace-repair/ | K13: /services/heating-cooling/furnace-repair/
A14: Surrey | B14: Furnaces | C14: furnace replacement surrey | D14: Add | E14: New service / gap term | F14: Gap list (keywords.md s.5): KW Research sheet 2024 / Client Overview 2026 | G14: 20 | K14: /services/heating-cooling/furnace-installation/
A15: Surrey | B15: Furnaces | C15: furnace maintenance surrey | D15: Add | E15: New service / gap term | F15: Gap list (keywords.md s.5): KW Research sheet 2024 / Client Overview 2026 | G15: 10 | K15: /services/heating-cooling/furnace-repair/
A16: Surrey | B16: Furnaces | C16: furnace repair south surrey | D16: Keep | E16: Location-specific (South Surrey, where the business is based) | F16: Semrush tracking (project 2824033) | G16: 10 | H16: 20 | I16: 4 | J16: /services/heating-cooling/furnace-repair/ | K16: /services/heating-cooling/furnace-repair/
A17: Surrey | B17: Gas fitting | C17: gas fitter surrey | D17: Keep | F17: Semrush tracking (project 2824033) | G17: 70 | H17: 70 | I17: 1 | J17: / | K17: /services/gas-fitting/
A18: Surrey | B18: Gas fitting | C18: gas line installation surrey | D18: Keep | F18: Semrush tracking (project 2824033) | G18: 10 | H18: 10 | I18: 1 | J18: / | K18: /services/gas-fitting/
A19: Surrey | B19: Heat pumps | C19: heat pump installation surrey | D19: Keep | F19: Semrush tracking (project 2824033) | G19: 70 | H19: 30 | I19: 11 | J19: /services/heating-cooling/heat-pumps/ | K19: /services/heating-cooling/heat-pumps/
A20: Surrey | B20: Heat pumps | C20: heat pump repair surrey | D20: Add | E20: New service / gap term | F20: Gap list (keywords.md s.5): client service change 2026-08-20 | G20: 30 | K20: /services/heating-cooling/heat-pumps/ | L20: AC / heat pump repair offered since 2026-08-20; live AC and heat pump pages still say "installs only" (fix before pushing these).
A21: Surrey | B21: Heating & cooling (general) | C21: hvac surrey | D21: Add | E21: New service / gap term | F21: Gap list (keywords.md s.5): KW Research sheet 2024 / Client Overview 2026 | G21: 480 | K21: / | L21: Residential only; no commercial HVAC.
A22: Surrey | B22: Heating & cooling (general) | C22: plumbing and heating surrey | D22: Keep | F22: Semrush tracking (project 2824033) | G22: 90 | H22: 90 | I22: 26 | J22: / | K22: /
A23: Surrey | B23: Heating & cooling (general) | C23: heating installation surrey | D23: Keep | F23: Semrush tracking (project 2824033) | G23: 10 | H23: 10 | I23: 26 | J23: / | K23: /
A24: Surrey | B24: Heating & cooling (general) | C24: heating service surrey | D24: Keep | F24: Semrush tracking (project 2824033) | H24: 10 | I24: 32 | J24: / | K24: /
A25: Surrey | B25: Hot water tanks | C25: hot water tank replacement surrey | D25: Keep | F25: Semrush tracking (project 2824033) | G25: 50 | H25: 30 | I25: 6 | J25: /services/plumbing/hot-water-tanks/ | K25: /services/plumbing/hot-water-tanks/
A26: Surrey | B26: Hot water tanks | C26: hot water tank repair surrey | D26: Keep | F26: Semrush tracking (project 2824033) | G26: 30 | H26: 20 | I26: 5 | J26: /services/plumbing/hot-water-tanks/ | K26: /services/plumbing/hot-water-tanks/
A27: Surrey | B27: Hot water tanks | C27: hot water tank installation surrey | D27: Keep | F27: Semrush tracking (project 2824033) | G27: 20 | H27: 10 | I27: 5 | J27: /services/plumbing/hot-water-tanks/ | K27: /services/plumbing/hot-water-tanks/
A28: Surrey | B28: Hot water tanks | C28: water heater repair surrey | D28: Add | E28: New service / gap term | F28: Gap list (keywords.md s.5): KW Research sheet 2024 / Client Overview 2026 | G28: 20 | K28: /services/plumbing/hot-water-tanks/
A29: Surrey | B29: Hot water tanks | C29: hot water tank services surrey | D29: Keep | F29: Semrush tracking (project 2824033) | G29: 10 | H29: 10 | I29: 5 | J29: /services/plumbing/hot-water-tanks/ | K29: /services/plumbing/hot-water-tanks/
A30: Surrey | B30: Hot water tanks | C30: water heater south surrey | D30: Keep | E30: Location-specific (South Surrey, where the business is based) | F30: Semrush tracking (project 2824033) | G30: 10 | H30: 10 | I30: 3 | J30: / | K30: /services/plumbing/hot-water-tanks/
A31: Surrey | B31: Plumbing (general) | C31: plumber in surrey | D31: Keep | F31: Semrush tracking (project 2824033) | G31: 2400 | H31: 1300 | I31: 12 | J31: / | K31: /
A32: Surrey | B32: Plumbing (general) | C32: plumbers in surrey bc | D32: Keep | F32: Semrush tracking (project 2824033) | G32: 2400 | H32: 210 | I32: 10 | J32: / | K32: /
A33: Surrey | B33: Plumbing (general) | C33: plumber surrey | D33: Keep | F33: Semrush tracking (project 2824033) | H33: 1300 | I33: 14 | J33: / | K33: /
A34: Surrey | B34: Plumbing (general) | C34: plumbers surrey | D34: Keep | F34: Semrush tracking (project 2824033) | H34: 1300 | I34: 15 | J34: / | K34: /
A35: Surrey | B35: Plumbing (general) | C35: surrey plumbing | D35: Keep | F35: Semrush tracking (project 2824033) | H35: 1300 | K35: /
A36: Surrey | B36: Plumbing (general) | C36: plumbing company surrey | D36: Keep | F36: Semrush tracking (project 2824033) | G36: 260 | H36: 110 | I36: 17 | J36: / | K36: /
A37: Surrey | B37: Plumbing (general) | C37: plumber south surrey | D37: Keep | E37: Location-specific (South Surrey, where the business is based) | F37: Semrush tracking (project 2824033) | G37: 210 | H37: 170 | J37: / | K37: / | L37: Hilltop ranks #6-7 here; we are not in the top 100.
A38: Surrey | B38: Plumbing (general) | C38: plumbers surrey bc | D38: Keep | F38: Semrush tracking (project 2824033) | H38: 210 | I38: 10 | J38: / | K38: /
A39: Surrey | B39: Plumbing (general) | C39: plumbing services surrey | D39: Keep | F39: Semrush tracking (project 2824033) | G39: 170 | H39: 90 | I39: 17 | J39: / | K39: /
A40: Surrey | B40: Plumbing (general) | C40: south surrey plumbing | D40: Keep | E40: Location-specific (South Surrey, where the business is based) | F40: Semrush tracking (project 2824033) | H40: 170 | K40: / | L40: Hilltop ranks #6-7 here; we are not in the top 100.
A41: Surrey | B41: Plumbing (general) | C41: best plumber surrey | D41: Keep | F41: Semrush tracking (project 2824033) | G41: 70 | H41: 20 | I41: 3 | J41: / | K41: / | L41: Track only. No "best" or superlatives in copy (brand rule).
A42: Surrey | B42: Plumbing (general) | C42: plumber cloverdale | D42: Add | E42: Location-specific: client priority area | F42: Client priority areas (Client Briefing 2026) | G42: 20 | K42: /
A43: Surrey | B43: Plumbing (general) | C43: plumber guildford | D43: Add | E43: Location-specific: client priority area | F43: Client priority areas (Client Briefing 2026) | G43: 10 | K43: /
A44: Surrey | B44: Plumbing (general) | C44: cloverdale plumbing | D44: Add | E44: Location-specific: client priority area | F44: Client priority areas (Client Briefing 2026) | K44: / | L44: Planner grouped this with a close variant.
A45: Surrey | B45: Radiant / in-floor | C45: in floor heating surrey | D45: Keep | F45: Semrush tracking (project 2824033) | G45: 10 | H45: 10 | I45: 2 | J45: /services/plumbing/radiant-in-floor-heating/ | K45: /services/plumbing/radiant-in-floor-heating/
A46: Surrey | B46: Radiant / in-floor | C46: radiant heating surrey | D46: Keep | F46: Semrush tracking (project 2824033) | G46: 10 | H46: 10 | I46: 3 | J46: / | K46: /services/plumbing/radiant-in-floor-heating/
A47: Surrey | B47: Tankless | C47: tankless water heater installation surrey | D47: Keep | F47: Semrush tracking (project 2824033) | G47: 20 | H47: 10 | I47: 12 | J47: /services/plumbing/tankless-water-heaters/ | K47: /services/plumbing/tankless-water-heaters/
A48: Surrey | B48: Tankless | C48: tankless water heater repair surrey | D48: Keep | F48: Semrush tracking (project 2824033) | G48: 10 | H48: 10 | I48: 5 | J48: /services/plumbing/tankless-water-heaters/ | K48: /services/plumbing/tankless-water-heaters/ | L48: Kept despite low volume (20/mo combined): core Navien/tankless repair service.
A49: Surrey | B49: Tankless | C49: tankless water heater services surrey | D49: Keep | F49: Semrush tracking (project 2824033) | G49: 10 | H49: 10 | I49: 9 | J49: /services/plumbing/tankless-water-heaters/ | K49: /services/plumbing/tankless-water-heaters/
A50: White Rock | B50: Air conditioning | C50: air conditioner white rock | D50: Keep | F50: Semrush tracking (project 2824033) | G50: 10 | H50: 10 | I50: 37 | J50: /services/heating-cooling/air-conditioning/ | K50: /services/heating-cooling/air-conditioning/
A51: White Rock | B51: Air conditioning | C51: white rock air conditioning | D51: Add | E51: Mirrors the same keyword in all 3 markets | F51: Mirror of tracked Surrey keyword | G51: 10 | K51: /services/heating-cooling/air-conditioning/
A52: White Rock | B52: Air conditioning | C52: ac repair white rock | D52: Add | E52: New service / gap term | F52: Gap list (keywords.md s.5): client service change 2026-08-20 | K52: /services/heating-cooling/air-conditioning/ | L52: AC / heat pump repair offered since 2026-08-20; live AC and heat pump pages still say "installs only" (fix before pushing these). Planner grouped this with a close variant.
A53: White Rock | B53: Air conditioning | C53: air conditioning repair white rock | D53: Add | E53: Mirrors the same keyword in all 3 markets | F53: Mirror of tracked Surrey + Langley keyword | G53: 0 | K53: /services/heating-cooling/air-conditioning/ | L53: AC / heat pump repair offered since 2026-08-20; live AC and heat pump pages still say "installs only" (fix before pushing these).
A54: White Rock | B54: Air conditioning | C54: hvac repair white rock | D54: Add | E54: New service / gap term | F54: Gap list (keywords.md s.5): client service change 2026-08-20 | G54: 0 | K54: /services/heating-cooling/air-conditioning/ | L54: AC / heat pump repair offered since 2026-08-20; live AC and heat pump pages still say "installs only" (fix before pushing these). Residential only; no commercial HVAC.
A55: White Rock | B55: Boilers | C55: boiler installation white rock | D55: Keep | F55: Semrush tracking (project 2824033) | G55: 10 | H55: 10 | I55: 15 | J55: /white-rock-plumbing/ | K55: /boiler-replacement/
A56: White Rock | B56: Boilers | C56: boiler repair white rock | D56: Keep | F56: Semrush tracking (project 2824033) | G56: 10 | H56: 10 | I56: 5 | J56: /white-rock-plumbing/ | K56: /services/heating-cooling/boiler-repair/
A57: White Rock | B57: Boilers | C57: boiler services white rock | D57: Add | E57: Mirrors the same keyword in all 3 markets | F57: Mirror of tracked Surrey + Langley keyword | G57: 0 | K57: /services/heating-cooling/boiler-repair/
A58: White Rock | B58: Furnaces | C58: furnace installation white rock | D58: Keep | F58: Semrush tracking (project 2824033) | G58: 10 | H58: 10 | I58: 16 | J58: /services/heating-cooling/furnace-installation/ | K58: /services/heating-cooling/furnace-installation/
A59: White Rock | B59: Furnaces | C59: furnace repair white rock | D59: Keep | F59: Semrush tracking (project 2824033) | G59: 10 | H59: 90 | I59: 32 | J59: /white-rock-plumbing/ | K59: /services/heating-cooling/furnace-repair/
A60: White Rock | B60: Furnaces | C60: furnace service white rock | D60: Keep | F60: Semrush tracking (project 2824033) | G60: 10 | H60: 10 | I60: 37 | J60: /white-rock-plumbing/ | K60: /services/heating-cooling/furnace-repair/
A61: White Rock | B61: Furnaces | C61: furnace maintenance white rock | D61: Add | E61: New service / gap term | F61: Gap list (keywords.md s.5): KW Research sheet 2024 / Client Overview 2026 | G61: 0 | K61: /services/heating-cooling/furnace-repair/
A62: White Rock | B62: Furnaces | C62: furnace replacement white rock | D62: Add | E62: New service / gap term | F62: Gap list (keywords.md s.5): KW Research sheet 2024 / Client Overview 2026 | G62: 0 | K62: /services/heating-cooling/furnace-installation/
A63: White Rock | B63: Furnaces | C63: furnace services white rock | D63: Add | E63: Mirrors the same keyword in all 3 markets | F63: Mirror of tracked Surrey + Langley keyword | K63: /services/heating-cooling/furnace-repair/ | L63: Planner grouped this with a close variant.
A64: White Rock | B64: Gas fitting | C64: gas fitter white rock | D64: Keep | F64: Semrush tracking (project 2824033) | G64: 10 | H64: 10 | I64: 9 | J64: /white-rock-plumbing/ | K64: /services/gas-fitting/
A65: White Rock | B65: Gas fitting | C65: gas line installation white rock | D65: Keep | F65: Semrush tracking (project 2824033) | G65: 10 | H65: 10 | I65: 11 | J65: /services/gas-fitting/ | K65: /services/gas-fitting/
A66: White Rock | B66: Heat pumps | C66: heat pump installation white rock | D66: Keep | F66: Semrush tracking (project 2824033) | G66: 10 | H66: 10 | I66: 8 | J66: /services/heating-cooling/heat-pumps/ | K66: /services/heating-cooling/heat-pumps/
A67: White Rock | B67: Heat pumps | C67: heat pump repair white rock | D67: Add | E67: New service / gap term | F67: Gap list (keywords.md s.5): client service change 2026-08-20 | G67: 0 | K67: /services/heating-cooling/heat-pumps/ | L67: AC / heat pump repair offered since 2026-08-20; live AC and heat pump pages still say "installs only" (fix before pushing these).
A68: White Rock | B68: Heating & cooling (general) | C68: heating installation white rock | D68: Keep | F68: Semrush tracking (project 2824033) | G68: 10 | H68: 10 | I68: 24 | J68: /white-rock-plumbing/ | K68: /white-rock-plumbing/
A69: White Rock | B69: Heating & cooling (general) | C69: heating service white rock | D69: Keep | F69: Semrush tracking (project 2824033) | G69: 10 | H69: 10 | I69: 25 | J69: /white-rock-plumbing/ | K69: /white-rock-plumbing/
A70: White Rock | B70: Heating & cooling (general) | C70: hvac white rock | D70: Add | E70: New service / gap term | F70: Gap list (keywords.md s.5): KW Research sheet 2024 / Client Overview 2026 | G70: 10 | K70: /white-rock-plumbing/ | L70: Residential only; no commercial HVAC.
A71: White Rock | B71: Heating & cooling (general) | C71: plumbing and heating white rock | D71: Keep | F71: Semrush tracking (project 2824033) | G71: 10 | H71: 20 | I71: 3 | J71: / | K71: /white-rock-plumbing/
A72: White Rock | B72: Hot water tanks | C72: hot water tank repair white rock | D72: Keep | F72: Semrush tracking (project 2824033) | G72: 10 | H72: 10 | I72: 20 | J72: /white-rock-plumbing/ | K72: /services/plumbing/hot-water-tanks/
A73: White Rock | B73: Hot water tanks | C73: hot water tank replacement white rock | D73: Keep | F73: Semrush tracking (project 2824033) | G73: 10 | H73: 10 | I73: 9 | J73: /services/plumbing/hot-water-tanks/ | K73: /services/plumbing/hot-water-tanks/
A74: White Rock | B74: Hot water tanks | C74: hot water tank services white rock | D74: Keep | F74: Semrush tracking (project 2824033) | G74: 10 | H74: 10 | I74: 29 | J74: /white-rock-plumbing/ | K74: /services/plumbing/hot-water-tanks/
A75: White Rock | B75: Hot water tanks | C75: hot water tank installation white rock | D75: Add | E75: Mirrors the same keyword in all 3 markets | F75: Mirror of tracked Surrey + Langley keyword | G75: 0 | K75: /services/plumbing/hot-water-tanks/
A76: White Rock | B76: Hot water tanks | C76: water heater repair white rock | D76: Add | E76: New service / gap term | F76: Gap list (keywords.md s.5): KW Research sheet 2024 / Client Overview 2026 | G76: 0 | K76: /services/plumbing/hot-water-tanks/
A77: White Rock | B77: Plumbing (general) | C77: plumber in white rock | D77: Keep | F77: Semrush tracking (project 2824033) | H77: 390 | I77: 9 | J77: /white-rock-plumbing/ | K77: /white-rock-plumbing/
A78: White Rock | B78: Plumbing (general) | C78: plumbers white rock | D78: Keep | F78: Semrush tracking (project 2824033) | H78: 390 | I78: 9 | J78: /white-rock-plumbing/ | K78: /white-rock-plumbing/
A79: White Rock | B79: Plumbing (general) | C79: white rock plumbing | D79: Keep | F79: Semrush tracking (project 2824033) | H79: 390 | I79: 6 | J79: /white-rock-plumbing/ | K79: /white-rock-plumbing/
A80: White Rock | B80: Plumbing (general) | C80: plumber white rock | D80: Keep | F80: Semrush tracking (project 2824033) | G80: 210 | H80: 390 | I80: 6 | J80: /white-rock-plumbing/ | K80: /white-rock-plumbing/
A81: White Rock | B81: Plumbing (general) | C81: plumbers in white rock bc | D81: Keep | F81: Semrush tracking (project 2824033) | H81: 20 | I81: 25 | J81: /white-rock-plumbing/ | K81: /white-rock-plumbing/
A82: White Rock | B82: Plumbing (general) | C82: plumbers white rock bc | D82: Keep | F82: Semrush tracking (project 2824033) | G82: 10 | H82: 20 | I82: 7 | J82: /white-rock-plumbing/ | K82: /white-rock-plumbing/
A83: White Rock | B83: Plumbing (general) | C83: plumbing services white rock | D83: Keep | F83: Semrush tracking (project 2824033) | G83: 10 | H83: 10 | I83: 6 | J83: /white-rock-plumbing/ | K83: /white-rock-plumbing/
A84: White Rock | B84: Plumbing (general) | C84: best plumber white rock | D84: Add | E84: Mirrors the same keyword in all 3 markets | F84: Mirror of tracked Surrey + Langley keyword | G84: 0 | K84: /white-rock-plumbing/ | L84: Track only. No "best" or superlatives in copy (brand rule).
A85: White Rock | B85: Plumbing (general) | C85: plumbing company white rock | D85: Add | E85: Mirrors the same keyword in all 3 markets | F85: Mirror of tracked Surrey + Langley keyword | G85: 0 | K85: /white-rock-plumbing/
A86: White Rock | B86: Radiant / in-floor | C86: in floor heating white rock | D86: Keep | F86: Semrush tracking (project 2824033) | G86: 10 | H86: 10 | I86: 4 | J86: /services/plumbing/radiant-in-floor-heating/ | K86: /services/plumbing/radiant-in-floor-heating/
A87: White Rock | B87: Radiant / in-floor | C87: radiant heating white rock | D87: Keep | F87: Semrush tracking (project 2824033) | G87: 10 | H87: 10 | I87: 1 | J87: /services/plumbing/radiant-in-floor-heating/ | K87: /services/plumbing/radiant-in-floor-heating/
A88: White Rock | B88: Tankless | C88: tankless water heater services white rock | D88: Keep | F88: Semrush tracking (project 2824033) | G88: 10 | H88: 10 | I88: 12 | J88: /white-rock-plumbing/ | K88: /services/plumbing/tankless-water-heaters/
A89: White Rock | B89: Tankless | C89: tankless water heater installation white rock | D89: Add | E89: Mirrors the same keyword in all 3 markets | F89: Mirror of tracked Surrey + Langley keyword | G89: 0 | K89: /services/plumbing/tankless-water-heaters/
A90: White Rock | B90: Tankless | C90: tankless water heater repair white rock | D90: Add | E90: Mirrors the same keyword in all 3 markets | F90: Mirror of tracked Surrey + Langley keyword | G90: 0 | K90: /services/plumbing/tankless-water-heaters/ | L90: Kept despite low volume (20/mo combined): core Navien/tankless repair service.
A91: Langley | B91: Air conditioning | C91: ac repair langley | D91: Add | E91: New service / gap term | F91: Gap list (keywords.md s.5): client service change 2026-08-20 | G91: 40 | K91: /services/heating-cooling/air-conditioning/ | L91: AC / heat pump repair offered since 2026-08-20; live AC and heat pump pages still say "installs only" (fix before pushing these).
A92: Langley | B92: Air conditioning | C92: air conditioning repair langley | D92: Keep | F92: Semrush tracking (project 2824033) | G92: 40 | H92: 20 | K92: /services/heating-cooling/air-conditioning/ | L92: AC / heat pump repair offered since 2026-08-20; live AC and heat pump pages still say "installs only" (fix before pushing these).
A93: Langley | B93: Air conditioning | C93: air conditioner langley | D93: Keep | F93: Semrush tracking (project 2824033) | G93: 30 | H93: 90 | K93: /services/heating-cooling/air-conditioning/
A94: Langley | B94: Air conditioning | C94: hvac repair langley | D94: Add | E94: New service / gap term | F94: Gap list (keywords.md s.5): client service change 2026-08-20 | G94: 10 | K94: /services/heating-cooling/air-conditioning/ | L94: AC / heat pump repair offered since 2026-08-20; live AC and heat pump pages still say "installs only" (fix before pushing these). Residential only; no commercial HVAC.
A95: Langley | B95: Air conditioning | C95: langley air conditioning | D95: Add | E95: Mirrors the same keyword in all 3 markets | F95: Mirror of tracked Surrey keyword | K95: /services/heating-cooling/air-conditioning/ | L95: Planner grouped this with a close variant.
A96: Langley | B96: Boilers | C96: boiler installation langley | D96: Keep | F96: Semrush tracking (project 2824033) | G96: 20 | H96: 10 | I96: 62 | J96: /langley-plumbing-and-heating/ | K96: /boiler-replacement/
A97: Langley | B97: Boilers | C97: boiler repair langley | D97: Keep | F97: Semrush tracking (project 2824033) | G97: 20 | H97: 10 | I97: 13 | J97: /services/heating-cooling/langley-boiler-repair/ | K97: /services/heating-cooling/langley-boiler-repair/
A98: Langley | B98: Boilers | C98: boiler services langley | D98: Keep | F98: Semrush tracking (project 2824033) | G98: 10 | H98: 10 | I98: 59 | J98: /langley-plumbing-and-heating/ | K98: /services/heating-cooling/boiler-repair/
A99: Langley | B99: Furnaces | C99: furnace repair langley | D99: Keep | F99: Semrush tracking (project 2824033) | G99: 170 | H99: 260 | K99: /services/heating-cooling/furnace-repair/
A100: Langley | B100: Furnaces | C100: furnace installation langley | D100: Keep | F100: Semrush tracking (project 2824033) | G100: 50 | H100: 20 | K100: /services/heating-cooling/furnace-installation/
...

Sheet Semrush Changes
A1: Action | B1: Market | C1: Keyword | D1: Why | E1: KP volume | F1: Semrush volume | G1: Pos. 10-05 | H1: Done?
A2: Add to Semrush | B2: Surrey | C2: ac repair surrey | D2: New service / gap term | E2: 110
A3: Add to Semrush | B3: Surrey | C3: hvac repair surrey | D3: New service / gap term | E3: 20
A4: Add to Semrush | B4: Surrey | C4: furnace replacement surrey | D4: New service / gap term | E4: 20
A5: Add to Semrush | B5: Surrey | C5: furnace maintenance surrey | D5: New service / gap term | E5: 10
A6: Add to Semrush | B6: Surrey | C6: heat pump repair surrey | D6: New service / gap term | E6: 30
A7: Add to Semrush | B7: Surrey | C7: hvac surrey | D7: New service / gap term | E7: 480
A8: Add to Semrush | B8: Surrey | C8: water heater repair surrey | D8: New service / gap term | E8: 20
A9: Add to Semrush | B9: Surrey | C9: plumber cloverdale | D9: Location-specific: client priority area | E9: 20
A10: Add to Semrush | B10: Surrey | C10: plumber guildford | D10: Location-specific: client priority area | E10: 10
A11: Add to Semrush | B11: Surrey | C11: cloverdale plumbing | D11: Location-specific: client priority area
A12: Add to Semrush | B12: White Rock | C12: white rock air conditioning | D12: Mirrors the same keyword in all 3 markets | E12: 10
A13: Add to Semrush | B13: White Rock | C13: ac repair white rock | D13: New service / gap term
A14: Add to Semrush | B14: White Rock | C14: air conditioning repair white rock | D14: Mirrors the same keyword in all 3 markets | E14: 0
A15: Add to Semrush | B15: White Rock | C15: hvac repair white rock | D15: New service / gap term | E15: 0
A16: Add to Semrush | B16: White Rock | C16: boiler services white rock | D16: Mirrors the same keyword in all 3 markets | E16: 0
A17: Add to Semrush | B17: White Rock | C17: furnace maintenance white rock | D17: New service / gap term | E17: 0
A18: Add to Semrush | B18: White Rock | C18: furnace replacement white rock | D18: New service / gap term | E18: 0
A19: Add to Semrush | B19: White Rock | C19: furnace services white rock | D19: Mirrors the same keyword in all 3 markets
A20: Add to Semrush | B20: White Rock | C20: heat pump repair white rock | D20: New service / gap term | E20: 0
A21: Add to Semrush | B21: White Rock | C21: hvac white rock | D21: New service / gap term | E21: 10
A22: Add to Semrush | B22: White Rock | C22: hot water tank installation white rock | D22: Mirrors the same keyword in all 3 markets | E22: 0
A23: Add to Semrush | B23: White Rock | C23: water heater repair white rock | D23: New service / gap term | E23: 0
A24: Add to Semrush | B24: White Rock | C24: best plumber white rock | D24: Mirrors the same keyword in all 3 markets | E24: 0
A25: Add to Semrush | B25: White Rock | C25: plumbing company white rock | D25: Mirrors the same keyword in all 3 markets | E25: 0
A26: Add to Semrush | B26: White Rock | C26: tankless water heater installation white rock | D26: Mirrors the same keyword in all 3 markets | E26: 0
A27: Add to Semrush | B27: White Rock | C27: tankless water heater repair white rock | D27: Mirrors the same keyword in all 3 markets | E27: 0
A28: Add to Semrush | B28: Langley | C28: ac repair langley | D28: New service / gap term | E28: 40
A29: Add to Semrush | B29: Langley | C29: hvac repair langley | D29: New service / gap term | E29: 10
A30: Add to Semrush | B30: Langley | C30: langley air conditioning | D30: Mirrors the same keyword in all 3 markets
A31: Add to Semrush | B31: Langley | C31: furnace replacement langley | D31: New service / gap term | E31: 50
A32: Add to Semrush | B32: Langley | C32: furnace maintenance langley | D32: New service / gap term | E32: 40
A33: Add to Semrush | B33: Langley | C33: heat pump repair langley | D33: New service / gap term | E33: 10
A34: Add to Semrush | B34: Langley | C34: hvac langley | D34: New service / gap term | E34: 210
A35: Add to Semrush | B35: Langley | C35: water heater repair langley | D35: New service / gap term | E35: 10
A36: Add to Semrush | B36: Langley | C36: plumber fort langley | D36: Location-specific: client priority area | E36: 10
A37: Add to Semrush | B37: Langley | C37: plumber willoughby | D37: Location-specific: client priority area | E37: 10
A38: Add to Semrush | B38: All (no location) | C38: navien tankless repair | D38: National term; already ranks about #10-14 on /services/navien/ | E38: 1600
A39: Add to Semrush | B39: All (no location) | C39: navien tankless water heater repair | D39: National term; already ranks about #10-14 on /services/navien/ | E39: 1600
A40: Add to Semrush | B40: All (no location) | C40: navien service | D40: National term; already ranks about #10-14 on /services/navien/ | E40: 20
A41: Add to Semrush | B41: All (no location) | C41: navien error codes | D41: Zero-volume niche term kept as an AEO opportunity (client rule) | E41: 0
A42: Remove from Semrush | B42: Surrey | C42: air conditioning services surrey | D42: Low volume: 3 markets combined = 20/mo (under 30) | E42: 10 | F42: 10 | G42: 54
A43: Remove from Semrush | B43: Surrey | C43: best plumbers in surrey | D43: Low volume: 3 markets combined = 20/mo (under 30) | F43: 20 | G43: 7
A44: Remove from Semrush | B44: Surrey | C44: gas line installation services surrey | D44: Low volume: 3 markets combined = 10/mo (under 30) | E44: 10 | F44: 10 | G44: 4
A45: Remove from Semrush | B45: Surrey | C45: heating services surrey | D45: Low volume: 3 markets combined = 20/mo (under 30) | E45: 10 | F45: 10 | G45: 17
A46: Remove from Semrush | B46: Surrey | C46: plumbing and heating company surrey | D46: Low volume: 3 markets combined = 20/mo (under 30) | E46: 10 | F46: 10 | G46: 4
A47: Remove from Semrush | B47: Surrey | C47: tankless water heater maintenance surrey | D47: Low volume: 3 markets combined = 20/mo (under 30) | E47: 10 | F47: 10 | G47: 11
A48: Remove from Semrush | B48: Langley | C48: air conditioning services langley | D48: Low volume: 3 markets combined = 20/mo (under 30) | E48: 10 | F48: 10
A49: Remove from Semrush | B49: Langley | C49: heating services langley | D49: Low volume: 3 markets combined = 20/mo (under 30) | E49: 10 | F49: 10 | G49: 66
A50: Remove from Semrush | B50: Langley | C50: plumbing and heating company langley | D50: Low volume: 3 markets combined = 20/mo (under 30) | E50: 10 | F50: 10
A51: Remove from Semrush | B51: Langley | C51: tankless water heater maintenance langley | D51: Low volume: 3 markets combined = 20/mo (under 30) | E51: 10 | F51: 10 | G51: 34
A52: Remove from Semrush | B52: All (no location) | C52: fortis rebates | D52: Informational, not a service; FortisBC co-op dropped 2025-09-02. Keep only if the rebate page is a deliberate lead magnet (confirm with Andrew). | E52: 1000 | F52: 2400 | G52: 59
A53: Remove from Semrush | B53: Abbotsford | C53: boiler repair abbotsford | D53: Abbotsford is no longer served (Client Overview, Sept 2026) | E53: 10 | F53: 10 | G53: 46
A54: Remove from Semrush | B54: Abbotsford | C54: furnace abbotsford | D54: Abbotsford is no longer served (Client Overview, Sept 2026) | E54: 10 | F54: 20
A55: Remove from Semrush | B55: Abbotsford | C55: furnace maintenance abbotsford | D55: Abbotsford is no longer served (Client Overview, Sept 2026) | E55: 10 | F55: 10
A56: Remove from Semrush | B56: Abbotsford | C56: furnace repair abbotsford | D56: Abbotsford is no longer served (Client Overview, Sept 2026) | E56: 90 | F56: 170
A57: Remove from Semrush | B57: Abbotsford | C57: hot water tank abbotsford | D57: Abbotsford is no longer served (Client Overview, Sept 2026) | E57: 20 | F57: 20
A58: Remove from Semrush | B58: Abbotsford | C58: plumber abbotsford | D58: Abbotsford is no longer served (Client Overview, Sept 2026) | E58: 880 | F58: 720

Sheet Skipped & Removed
A1: Status | B1: Market | C1: Keyword | D1: Reason | E1: Source | F1: KP volume | G1: Semrush volume | H1: Pos. 10-05 | I1: Current ranking URL
A2: Remove | B2: Surrey | C2: air conditioning services surrey | D2: Low volume: 3 markets combined = 20/mo (under 30) | E2: Semrush tracking (project 2824033) | F2: 10 | G2: 10 | H2: 54 | I2: /services/heating-cooling/air-conditioning/
A3: Remove | B3: Surrey | C3: best plumbers in surrey | D3: Low volume: 3 markets combined = 20/mo (under 30) | E3: Semrush tracking (project 2824033) | G3: 20 | H3: 7 | I3: /
A4: Remove | B4: Surrey | C4: gas line installation services surrey | D4: Low volume: 3 markets combined = 10/mo (under 30) | E4: Semrush tracking (project 2824033) | F4: 10 | G4: 10 | H4: 4 | I4: /services/gas-fitting/
A5: Remove | B5: Surrey | C5: heating services surrey | D5: Low volume: 3 markets combined = 20/mo (under 30) | E5: Semrush tracking (project 2824033) | F5: 10 | G5: 10 | H5: 17 | I5: /
A6: Remove | B6: Surrey | C6: plumbing and heating company surrey | D6: Low volume: 3 markets combined = 20/mo (under 30) | E6: Semrush tracking (project 2824033) | F6: 10 | G6: 10 | H6: 4 | I6: /
A7: Remove | B7: Surrey | C7: tankless water heater maintenance surrey | D7: Low volume: 3 markets combined = 20/mo (under 30) | E7: Semrush tracking (project 2824033) | F7: 10 | G7: 10 | H7: 11 | I7: /services/plumbing/tankless-water-heaters/
A8: Remove | B8: Langley | C8: air conditioning services langley | D8: Low volume: 3 markets combined = 20/mo (under 30) | E8: Semrush tracking (project 2824033) | F8: 10 | G8: 10
A9: Remove | B9: Langley | C9: heating services langley | D9: Low volume: 3 markets combined = 20/mo (under 30) | E9: Semrush tracking (project 2824033) | F9: 10 | G9: 10 | H9: 66 | I9: /langley-plumbing-and-heating/
A10: Remove | B10: Langley | C10: plumbing and heating company langley | D10: Low volume: 3 markets combined = 20/mo (under 30) | E10: Semrush tracking (project 2824033) | F10: 10 | G10: 10
A11: Remove | B11: Langley | C11: tankless water heater maintenance langley | D11: Low volume: 3 markets combined = 20/mo (under 30) | E11: Semrush tracking (project 2824033) | F11: 10 | G11: 10 | H11: 34 | I11: /services/plumbing/hot-water-tanks/
A12: Remove | B12: All (no location) | C12: fortis rebates | D12: Informational, not a service; FortisBC co-op dropped 2025-09-02. Keep only if the rebate page is a deliberate lead magnet (confirm with Andrew). | E12: Semrush tracking (project 2824033) | F12: 1000 | G12: 2400 | H12: 59 | I12: /fortisbc-rebates/
A13: Remove | B13: Abbotsford | C13: boiler repair abbotsford | D13: Abbotsford is no longer served (Client Overview, Sept 2026) | E13: Semrush tracking (project 2824033) | F13: 10 | G13: 10 | H13: 46 | I13: /services/heating-cooling/boiler-repair/
A14: Remove | B14: Abbotsford | C14: furnace abbotsford | D14: Abbotsford is no longer served (Client Overview, Sept 2026) | E14: Semrush tracking (project 2824033) | F14: 10 | G14: 20
A15: Remove | B15: Abbotsford | C15: furnace maintenance abbotsford | D15: Abbotsford is no longer served (Client Overview, Sept 2026) | E15: Semrush tracking (project 2824033) | F15: 10 | G15: 10
A16: Remove | B16: Abbotsford | C16: furnace repair abbotsford | D16: Abbotsford is no longer served (Client Overview, Sept 2026) | E16: Semrush tracking (project 2824033) | F16: 90 | G16: 170
A17: Remove | B17: Abbotsford | C17: hot water tank abbotsford | D17: Abbotsford is no longer served (Client Overview, Sept 2026) | E17: Semrush tracking (project 2824033) | F17: 20 | G17: 20
A18: Remove | B18: Abbotsford | C18: plumber abbotsford | D18: Abbotsford is no longer served (Client Overview, Sept 2026) | E18: Semrush tracking (project 2824033) | F18: 880 | G18: 720
A19: Skip | B19: Surrey | C19: boiler maintenance surrey | D19: Low volume: 3 markets combined = 10/mo (under 30) | E19: Gap list (keywords.md s.5): KW Research sheet 2024 / Client Overview 2026 | F19: 10
A20: Skip | B20: Surrey | C20: heat pump service surrey | D20: Low volume: 3 markets combined = 20/mo (under 30) | E20: Gap list (keywords.md s.5): KW Research sheet 2024 / Client Overview 2026 | F20: 10
A21: Skip | B21: Surrey | C21: heating and cooling surrey | D21: Low volume: 3 markets combined = 20/mo (under 30) | E21: Gap list (keywords.md s.5): KW Research sheet 2024 / Client Overview 2026 | F21: 20
A22: Skip | B22: Surrey | C22: navien repair surrey | D22: Low volume: 3 markets combined = 0/mo (under 30) | E22: Gap list (keywords.md s.5): KW Research sheet 2024 / Client Overview 2026 | F22: 0
A23: Skip | B23: Surrey | C23: navien tankless water heater surrey | D23: Low volume: 3 markets combined = 0/mo (under 30) | E23: Gap list (keywords.md s.5): KW Research sheet 2024 / Client Overview 2026 | F23: 0
A24: Skip | B24: Surrey | C24: plumber crescent beach | D24: No measurable volume | E24: Client priority areas (Client Briefing 2026) | F24: 0
A25: Skip | B25: Surrey | C25: plumber grandview heights | D25: No measurable volume | E25: Client priority areas (Client Briefing 2026) | F25: 0
A26: Skip | B26: Surrey | C26: plumber morgan creek | D26: No measurable volume | E26: Client priority areas (Client Briefing 2026) | F26: 0
A27: Skip | B27: Surrey | C27: plumber ocean park | D27: No measurable volume | E27: Client priority areas (Client Briefing 2026) | F27: 0
A28: Skip | B28: White Rock | C28: air conditioning services white rock | D28: Low volume: 3 markets combined = 20/mo (under 30) | E28: Mirror of tracked Surrey + Langley keyword | F28: 0
A29: Skip | B29: White Rock | C29: best plumbers in white rock | D29: Low volume: 3 markets combined = 20/mo (under 30) | E29: Mirror of tracked Surrey keyword | F29: 0
A30: Skip | B30: White Rock | C30: boiler maintenance white rock | D30: Low volume: 3 markets combined = 10/mo (under 30) | E30: Gap list (keywords.md s.5): KW Research sheet 2024 / Client Overview 2026 | F30: 0
... A48: Skip | B48: All (no location) | C48: strata plumbing services | D48: Low volume | E48: Oct 2023 client meeting notes | F48: 10

Sheet Current Tracked (113)
A1: Group | B1: Keyword | C1: Pos. 10-05 | D1: Pos. 09-29 | E1: 7-day change | F1: 30-day change | G1: Semrush volume | H1: KP volume | I1: Ranking URL | J1: Recommended action | K1: Why
A2: Surrey | B2: boiler services surrey | C2: 1 | D2: 2 | E2: +1 | F2: 0 | G2: 20 | H2: 10 | I2: /surrey-boiler-services/ | J2: Keep
A3: Surrey | B3: gas fitter surrey | C3: 1 | D3: 1 | E3: 0 | F3: 0 | G3: 70 | H3: 70 | I3: / | J3: Keep
A4: Surrey | B4: gas line installation surrey | C4: 1 | D4: 5 | E4: +4 | F4: +3 | G4: 10 | H4: 10 | I4: / | J4: Keep
A5: Surrey | B5: boiler installation surrey | C5: 2 | D5: 3 | E5: +1 | F5: +3 | G5: 10 | H5: 20 | I5: / | J5: Keep
A6: Surrey | B6: in floor heating surrey | C6: 2 | D6: 5 | E6: +3 | F6: -1 | G6: 10 | H6: 10 | I6: /services/plumbing/radiant-in-floor-heating/ | J6: Keep
A7: Surrey | B7: best plumber surrey | C7: 3 | D7: 2 | E7: -1 | F7: 0 | G7: 20 | H7: 70 | I7: / | J7: Keep
A8: Surrey | B8: radiant heating surrey | C8: 3 | D8: 4 | E8: +1 | F8: +1 | G8: 10 | H8: 10 | I8: / | J8: Keep
A9: Surrey | B9: water heater south surrey | C9: 3 | D9: 10 | E9: +7 | F9: +5 | G9: 10 | H9: 10 | I9: / | J9: Keep
A10: Surrey | B10: furnace repair south surrey | C10: 4 | D10: 1 | E10: -3 | F10: -3 | G10: 20 | H10: 10 | I10: /services/heating-cooling/furnace-repair/ | J10: Keep
A11: Surrey | B11: gas line installation services surrey | C11: 4 | D11: 2 | E11: -2 | F11: 0 | G11: 10 | H11: 10 | I11: /services/gas-fitting/ | J11: Remove | K11: Low volume: 3 markets combined = 10/mo (under 30)
A12: Surrey | B12: plumbing and heating company surrey | C12: 4 | D12: 23 | E12: +19 | F12: 0 | G12: 10 | H12: 10 | I12: / | J12: Remove | K12: Low volume: 3 markets combined = 20/mo (under 30)
A13: Surrey | B13: hot water tank installation surrey | C13: 5 | D13: 5 | E13: 0 | F13: 0 | G13: 10 | H13: 20 | I13: /services/plumbing/hot-water-tanks/ | J13: Keep
A14: Surrey | B14: hot water tank repair surrey | C14: 5 | D14: 5 | E14: 0 | F14: 0 | G14: 20 | H14: 30 | I14: /services/plumbing/hot-water-tanks/ | J14: Keep
A15: Surrey | B15: hot water tank services surrey | C15: 5 | D15: 5 | E15: 0 | F15: 0 | G15: 10 | H15: 10 | I15: /services/plumbing/hot-water-tanks/ | J15: Keep
A16: Surrey | B16: tankless water heater repair surrey | C16: 5 | D16: 6 | E16: +1 | F16: +2 | G16: 10 | H16: 10 | I16: /services/plumbing/tankless-water-heaters/ | J16: Keep
A17: Surrey | B17: hot water tank replacement surrey | C17: 6 | D17: 6 | E17: 0 | F17: +18 | G17: 30 | H17: 50 | I17: /services/plumbing/hot-water-tanks/ | J17: Keep
A18: Surrey | B18: best plumbers in surrey | C18: 7 | D18: 7 | E18: 0 | F18: 0 | G18: 20 | I18: / | J18: Remove | K18: Low volume: 3 markets combined = 20/mo (under 30)
A19: Surrey | B19: furnace service surrey | C19: 8 | D19: 16 | E19: +8 | F19: -3 | G19: 110 | H19: 50 | I19: /services/heating-cooling/furnace-repair/ | J19: Keep
A20: Surrey | B20: tankless water heater services surrey | C20: 9 | D20: 8 | E20: -1 | F20: +4 | G20: 10 | H20: 10 | I20: /services/plumbing/tankless-water-heaters/ | J20: Keep
A21: Surrey | B21: plumbers in surrey bc | C21: 10 | D21: 23 | E21: +13 | F21: 0 | G21: 210 | H21: 2400 | I21: / | J21: Keep
A22: Surrey | B22: plumbers surrey bc | C22: 10 | D22: 13 | E22: +3 | F22: +1 | G22: 210 | I22: / | J22: Keep
A23: Surrey | B23: heat pump installation surrey | C23: 11 | D23: 7 | E23: -4 | F23: -2 | G23: 30 | H23: 70 | I23: /services/heating-cooling/heat-pumps/ | J23: Keep
A24: Surrey | B24: tankless water heater maintenance surrey | C24: 11 | D24: 12 | E24: +1 | F24: -7 | G24: 10 | H24: 10 | I24: /services/plumbing/tankless-water-heaters/ | J24: Remove | K24: Low volume: 3 markets combined = 20/mo (under 30)
A25: Surrey | B25: plumber in surrey | C25: 12 | D25: 9 | E25: -3 | F25: -2 | G25: 1300 | H25: 2400 | I25: / | J25: Keep
A26: Surrey | B26: tankless water heater installation surrey | C26: 12 | D26: 24 | E26: +12 | F26: -5 | G26: 10 | H26: 20 | I26: /services/plumbing/tankless-water-heaters/ | J26: Keep
A27: Surrey | B27: furnace installation surrey | C27: 13 | D27: 20 | E27: +7 | F27: +8 | G27: 20 | H27: 70 | I27: /services/heating-cooling/furnace-installation/ | J27: Keep
A28: Surrey | B28: boiler repair surrey | C28: 14 | D28: 16 | E28: +2 | F28: +1 | G28: 30 | H28: 40 | I28: /surrey-boiler-services/ | J28: Keep
A29: Surrey | B29: plumber surrey | C29: 14 | D29: 14 | E29: 0 | F29: +11 | G29: 1300 | I29: / | J29: Keep
A30: Surrey | B30: plumbers surrey | C30: 15 | D30: 13 | E30: -2 | F30: -6 | G30: 1300 | I30: / | J30: Keep
A31: Surrey | B31: heating services surrey | C31: 17 | D31: 17 | E31: 0 | F31: -3 | G31: 10 | H31: 10 | I31: / | J31: Remove | K31: Low volume: 3 markets combined = 20/mo (under 30)
A32: Surrey | B32: plumbing company surrey | C32: 17 | D32: 17 | E32: 0 | F32: +4 | G32: 110 | H32: 260 | I32: / | J32: Keep
A33: Surrey | B33: plumbing services surrey | C33: 17 | D33: 27 | E33: +10 | F33: -4 | G33: 90 | H33: 170 | I33: / | J33: Keep
A34: Surrey | B34: furnace services surrey | C34: 19 | D34: 17 | E34: -2 | F34: -4 | G34: 110 | I34: /services/heating-cooling/furnace-repair/ | J34: Keep
A35: Surrey | B35: air conditioner surrey | C35: 22 | D35: 48 | E35: +26 | F35: +9 | G35: 110 | H35: 20 | I35: /services/heating-cooling/air-conditioning/ | J35: Keep
A36: Surrey | B36: heating installation surrey | C36: 26 | D36: 16 | E36: -10 | F36: -14 | G36: 10 | H36: 10 | I36: / | J36: Keep
A37: Surrey | B37: plumbing and heating surrey | C37: 26 | D37: 7 | E37: -19 | F37: -17 | G37: 90 | H37: 90 | I37: / | J37: Keep
A38: Surrey | B38: furnace repair surrey | C38: 31 | D38: 13 | E38: -18 | F38: -22 | G38: 590 | H38: 390 | I38: /services/heating-cooling/furnace-repair/ | J38: Keep
A39: Surrey | B39: heating service surrey | C39: 32 | D39: 15 | E39: -17 | F39: -16 | G39: 10 | I39: / | J39: Keep
A40: Surrey | B40: surrey air conditioning | C40: 41 | D40: 36 | E40: -5 | F40: -8 | G40: 110 | I40: /services/heating-cooling/air-conditioning/ | J40: Keep
A41: Surrey | B41: air conditioning services surrey | C41: 54 | D41: 43 | E41: -11 | F41: -14 | G41: 10 | H41: 10 | I41: /services/heating-cooling/air-conditioning/ | J41: Remove | K41: Low volume: 3 markets combined = 20/mo (under 30)
A42: Surrey | B42: air conditioning repair surrey | F42: 0 | G42: 20 | H42: 110 | J42: Keep
A43: Surrey | B43: plumber south surrey | D43: 3 | E43: lost | F43: -97 | G43: 170 | H43: 210 | I43: / | J43: Keep
A44: Surrey | B44: south surrey plumbing | F44: -64 | G44: 170 | J44: Keep
A45: Surrey | B45: surrey plumbing | F45: 0 | G45: 1300 | J45: Keep
A46: White Rock | B46: radiant heating white rock | C46: 1 | D46: 7 | E46: +6 | F46: 0 | G46: 10 | H46: 10 | I46: /services/plumbing/radiant-in-floor-heating/ | J46: Keep
A47: White Rock | B47: plumbing and heating white rock | C47: 3 | D47: 3 | E47: 0 | F47: +2 | G47: 20 | H47: 10 | I47: / | J47: Keep
A48: White Rock | B48: in floor heating white rock | C48: 4 | D48: 5 | E48: +1 | F48: -3 | G48: 10 | H48: 10 | I48: /services/plumbing/radiant-in-floor-heating/ | J48: Keep
A49: White Rock | B49: boiler repair white rock | C49: 5 | D49: 5 | E49: 0 | F49: 0 | G49: 10 | H49: 10 | I49: /white-rock-plumbing/ | J49: Keep
A50: White Rock | B50: plumber white rock | C50: 6 | D50: 6 | E50: 0 | F50: +2 | G50: 390 | H50: 210 | I50: /white-rock-plumbing/ | J50: Keep
A51: White Rock | B51: plumbing services white rock | C51: 6 | D51: 6 | E51: 0 | F51: +1 | G51: 10 | H51: 10 | I51: /white-rock-plumbing/ | J51: Keep
A52: White Rock | B52: white rock plumbing | C52: 6 | D52: 3 | E52: -3 | F52: 0 | G52: 390 | I52: /white-rock-plumbing/ | J52: Keep
A53: White Rock | B53: plumbers white rock bc | C53: 7 | D53: 7 | E53: 0 | F53: 0 | G53: 20 | H53: 10 | I53: /white-rock-plumbing/ | J53: Keep
A54: White Rock | B54: heat pump installation white rock | C54: 8 | D54: 8 | E54: 0 | F54: 0 | G54: 10 | H54: 10 | I54: /services/heating-cooling/heat-pumps/ | J54: Keep
A55: White Rock | B55: gas fitter white rock | C55: 9 | D55: 7 | E55: -2 | F55: 0 | G55: 10 | H55: 10 | I55: /white-rock-plumbing/ | J55: Keep
A56: White Rock | B56: hot water tank replacement white rock | C56: 9 | D56: 8 | E56: -1 | F56: 0 | G56: 10 | H56: 10 | I56: /services/plumbing/hot-water-tanks/ | J56: Keep
A57: White Rock | B57: plumber in white rock | C57: 9 | D57: 11 | E57: +2 | F57: -1 | G57: 390 | I57: /white-rock-plumbing/ | J57: Keep
A58: White Rock | B58: plumbers white rock | C58: 9 | D58: 9 | E58: 0 | F58: -2 | G58: 390 | I58: /white-rock-plumbing/ | J58: Keep
A59: White Rock | B59: gas line installation white rock | C59: 11 | D59: 11 | E59: 0 | F59: -7 | G59: 10 | H59: 10 | I59: /services/gas-fitting/ | J59: Keep
A60: White Rock | B60: tankless water heater services white rock | C60: 12 | D60: 10 | E60: -2 | F60: 0 | G60: 10 | H60: 10 | I60: /white-rock-plumbing/ | J60: Keep
A61: White Rock | B61: boiler installation white rock | C61: 15 | D61: 14 | E61: -1 | F61: -8 | G61: 10 | H61: 10 | I61: /white-rock-plumbing/ | J61: Keep
A62: White Rock | B62: furnace installation white rock | C62: 16 | D62: 36 | E62: +20 | F62: +22 | G62: 10 | H62: 10 | I62: /services/heating-cooling/furnace-installation/ | J62: Keep
A63: White Rock | B63: hot water tank repair white rock | C63: 20 | D63: 24 | E63: +4 | F63: -10 | G63: 10 | H63: 10 | I63: /white-rock-plumbing/ | J63: Keep
A64: White Rock | B64: heating installation white rock | C64: 24 | D64: 28 | E64: +4 | F64: -6 | G64: 10 | H64: 10 | I64: /white-rock-plumbing/ | J64: Keep
A65: White Rock | B65: heating service white rock | C65: 25 | D65: 14 | E65: -11 | F65: -18 | G65: 10 | H65: 10 | I65: /white-rock-plumbing/ | J65: Keep
A66: White Rock | B66: plumbers in white rock bc | C66: 25 | D66: 7 | E66: -18 | F66: -18 | G66: 20 | I66: /white-rock-plumbing/ | J66: Keep
A67: White Rock | B67: hot water tank services white rock | C67: 29 | D67: 3 | E67: -26 | F67: -26 | G67: 10 | H67: 10 | I67: /white-rock-plumbing/ | J67: Keep
A68: White Rock | B68: furnace repair white rock | C68: 32 | D68: 19 | E68: -13 | F68: -15 | G68: 90 | H68: 10 | I68: /white-rock-plumbing/ | J68: Keep
A69: White Rock | B69: air conditioner white rock | C69: 37 | D69: 19 | E69: -18 | F69: -33 | G69: 10 | H69: 10 | I69: /services/heating-cooling/air-conditioning/ | J69: Keep
A70: White Rock | B70: furnace service white rock | C70: 37 | D70: 16 | E70: -21 | F70: -34 | G70: 10 | H70: 10 | I70: /white-rock-plumbing/ | J70: Keep
A71: Langley | B71: radiant heating langley | C71: 1 | D71: 2 | E71: +1 | F71: 0 | G71: 10 | H71: 10 | I71: /services/plumbing/radiant-in-floor-heating/ | J71: Keep
A72: Langley | B72: in floor heating langley | C72: 2 | D72: 2 | E72: 0 | F72: -1 | G72: 10 | H72: 10 | I72: /services/plumbing/radiant-in-floor-heating/ | J72: Keep
A73: Langley | B73: hot water tank repair langley | C73: 5 | D73: 12 | E73: +7 | F73: +6 | G73: 20 | H73: 10 | I73: /services/plumbing/hot-water-tanks/ | J73: Keep
A74: Langley | B74: hot water tank replacement langley | C74: 10 | D74: 12 | E74: +2 | F74: -3 | G74: 20 | H74: 40 | I74: /services/plumbing/hot-water-tanks/ | J74: Keep
A75: Langley | B75: gas fitter langley | C75: 12 | D75: 15 | E75: +3 | F75: +2 | G75: 40 | H75: 30 | I75: /services/gas-fitting/ | J75: Keep
A76: Langley | B76: boiler repair langley | C76: 13 | D76: 40 | E76: +27 | F76: +16 | G76: 10 | H76: 20 | I76: /services/heating-cooling/langley-boiler-repair/ | J76: Keep
A77: Langley | B77: hot water tank services langley | C77: 14 | D77: 4 | E77: -10 | F77: -9 | G77: 10 | H77: 10 | I77: /services/plumbing/hot-water-tanks/ | J77: Keep
A78: Langley | B78: hot water tank installation langley | C78: 17 | D78: 16 | E78: -1 | F78: -4 | G78: 10 | H78: 30 | I78: /services/plumbing/hot-water-tanks/ | J78: Keep
... A80: Langley | B80: plumbers langley bc | C80: 32 | D80: 31 | E80: -1 | F80: 0 | G80: 70 | H80: 170 | I80: /langley-plumbing-and-heating/ | J80: Keep
A81: Langley | B81: tankless water heater maintenance langley | C81: 34 | D81: 33 | E81: -1 | F81: -20 | G81: 10 | H81: 10 | I81: /services/plumbing/hot-water-tanks/ | J81: Remove | K81: Low volume: 3 markets combined = 20/mo (under 30)
A82: Langley | B82: plumber in langley | C82: 44 | D82: 34 | E82: -10 | F82: -15 | G82: 880 | H82: 1000 | I82: /langley-plumbing-and-heating/ | J82: Keep
A83: Langley | B83: plumbers langley | C83: 49 | D83: 45 | E83: -4 | F83: -13 | G83: 880 | I83: /langley-plumbing-and-heating/ | J83: Keep
A84: Langley | B84: plumber langley | C84: 50 | D84: 44 | E84: -6 | F84: +50 | G84: 880 | I84: /langley-plumbing-and-heating/ | J84: Keep
A85: Langley | B85: boiler services langley | C85: 59 | D85: 48 | E85: -11 | F85: -29 | G85: 10 | H85: 10 | I85: /langley-plumbing-and-heating/ | J85: Keep
A86: Langley | B86: plumbers in langley bc | C86: 59 | D86: 44 | E86: -15 | F86: -58 | G86: 70 | I86: /langley-plumbing-and-heating/ | J86: Keep
A87: Langley | B87: boiler installation langley | C87: 62 | D87: 54 | E87: -8 | F87: -26 | G87: 10 | H87: 20 | I87: /langley-plumbing-and-heating/ | J87: Keep
A88: Langley | B88: plumbing company langley | C88: 65 | D88: 61 | E88: -4 | F88: -21 | G88: 10 | H88: 90 | I88: /langley-plumbing-and-heating/ | J88: Keep
A89: Langley | B89: plumbing services langley | C89: 65 | D89: 56 | E89: -9 | F89: -27 | G89: 10 | H89: 30 | I89: /langley-plumbing-and-heating/ | J89: Keep
A90: Langley | B90: heating services langley | C90: 66 | D90: 62 | E90: -4 | F90: -18 | G90: 10 | H90: 10 | I90: /langley-plumbing-and-heating/ | J90: Remove | K90: Low volume: 3 markets combined = 20/mo (under 30)
A91: Langley | B91: heating service langley | C91: 85 | D91: 80 | E91: -5 | F91: -43 | G91: 10 | I91: /langley-plumbing-and-heating/ | J91: Keep
A92: Langley | B92: air conditioner langley | F92: 0 | G92: 90 | H92: 30 | J92: Keep
A93: Langley | B93: air conditioning repair langley | F93: 0 | G93: 20 | H93: 40 | J93: Keep
A94: Langley | B94: air conditioning services langley | F94: 0 | G94: 10 | H94: 10 | J94: Remove | K94: Low volume: 3 markets combined = 20/mo (under 30)
A95: Langley | B95: furnace installation langley | F95: 0 | G95: 20 | H95: 50 | J95: Keep
A96: Langley | B96: furnace repair langley | F96: -41 | G96: 260 | H96: 170 | J96: Keep
A97: Langley | B97: furnace service langley | F97: 0 | G97: 40 | H97: 40 | J97: Keep
A98: Langley | B98: furnace services langley | F98: 0 | G98: 40 | J98: Keep
A99: Langley | B99: gas line installation langley | F99: -67 | G99: 10 | H99: 10 | J99: Keep
A100: Langley | B100: heat pump installation langley | F100: 0 | G100: 10 | H100: 30 | J100: Keep
A101: Langley | B101: heating installation langley | F101: -64 | G101: 10 | H101: 10 | J101: Keep
...

Sheet Competitors
A1: Keyword | B1: Hilltop pos. | C1: Sadler pos. | D1: Volume | E1: Notes
A2: plumber white rock | B2: 1 | C2: 6 | D2: 390
A3: plumbers white rock | B3: 2 | C3: 9 | D3: 390
A4: plumber in white rock | B4: 2 | C4: 9 | D4: 390
A5: white rock plumbing | B5: 2 | C5: 6 | D5: 390
A6: furnace repair white rock | B6: 1 | C6: 32 | D6: 90
A7: plumber south surrey | B7: 7 | D7: 170 | E7: Sadler not in top 100
A8: south surrey plumbing | B8: 6 | D8: 170 | E8: Sadler not ranking
A10: hilltopplumbing.com outranks Sadler on 34 of 113 tracked terms (Semrush, 2026-10-05), mostly White Rock, where Hilltop holds #1 on 18. Volumes on this tab are Semrush campaign volumes.
A11: Other White Rock terms where Hilltop is #1: boiler repair, furnace installation, furnace service, gas fitter, gas line installation, heat pump installation, heating installation, heating service, hot water tank repair / replacement / services, in floor heating, plumbing services, tankless water heater services, air conditioner.
A12: Implication: White Rock has one location page while Langley has dedicated boiler and furnace pages. Feeds the location-strategy step.
A13: Full per-keyword Hilltop export not pulled (Semrush API units exhausted). Pull it from the Semrush UI to complete this tab.
